"make","model","parent_generation"
"AC","3000ME","1979-1985"
"AC","Greyhound","1959-1963"
"AC","Shelby Cobra","1962-1967"
"AM General","Hummer",""
"AMC","Eagle","1980-1987"
"AMC","Javelin","1965-1974"
"AMC","Rambler American","1964-1969"
"AMC","Renault Alliance","1983-1987"
"AMC","Ambassador","1965-1973"
"AMC","Hornet","1973-1977"
"AMC","Rambler Ambassador","1965-1966"
"AMC","Gremlin","1970-1978"
"AMC","Concord","1978-1983"
"AMC","Rambler Cross Country","1958-1962"
"AMC","Spirit","1979-1983"
"AMC","Rambler Ambassador","1958-1962"
"AMC","Matador","1971-1978"
"AMC","Pacer","1975-1980"
"AMC","Rambler Classic","1965-1966"
"AMC","Rambler American","1958-1960"
"AMC","Marlin","1965-1967"
"AMC","AMX","1978-1980"
"AMC","Rambler Classic","1961-1964"
"AMC","AMX","1968-1970"
"AMC","Rebel","1966-1970"
"AMC","Rambler Ambassador","1963-1964"
"AMC","Rambler American","1961-1963"
"AMC","Hornet","1970-1972"
"AMC","Classic","1961-1966"
"Acura","TLX","2015-2020"
"Acura","RDX","2007-2024"
"Acura","ILX","2013-2022"
"Acura","TSX","2004-2014"
"Acura","SLX","1996-1999"
"Acura","TL","1996-2008"
"Acura","EL","1997-2005"
"Acura","CL","1997-2003"
"Acura","TLX","2021-2024"
"Acura","RL","1995-2012"
"Acura","NSX","1990-2022"
"Acura","RSX","2002-2006"
"Acura","Vigor","1992-1994"
"Acura","RLX","2014-2022"
"Acura","TL","2009-2014"
"Acura","Integra","2023-2024"
"Acura","CSX","2006-2011"
"Acura","Integra","1990-2001"
"Acura","Legend","1991-1996"
"Acura","ZDX","2010-2013"
"Acura","Integra","1985-1989"
"Acura","MDX","2001-2013"
"Acura","Legend","1986-1990"
"Acura","MDX","2014-2024"
"Alfa Romeo","Alfetta","1975-1977"
"Alfa Romeo","Spider","2006-2009"
"Alfa Romeo","Sprint","1977-1979"
"Alfa Romeo","Giulia","2017-2023"
"Alfa Romeo","Stelvio","2017-2024"
"Alfa Romeo","156","2002-2004"
"Alfa Romeo","147","2002-2007"
"Alfa Romeo","1600 Junior Zagato","1972-1976"
"Alfa Romeo","Montreal","1970-1977"
"Alfa Romeo","MiTo","2009-2018"
"Alfa Romeo","Spider","1970-1975"
"Alfa Romeo","GT","1966-1976"
"Alfa Romeo","Spider","1966-1969"
"Alfa Romeo","4C","2015-2021"
"Alfa Romeo","164","1991-1995"
"Alfa Romeo","Duetto 1600 Spider","1966-1968"
"Alfa Romeo","Giulia","1962-1977"
"Alfa Romeo","Brera","2006-2009"
"Alfa Romeo","Giulietta","2009-2019"
"Alfa Romeo","Berlina","1969-1974"
"Alfa Romeo","GT","2003-2010"
"Alfa Romeo","Spider","1976-1994"
"Alfa Romeo","2600","1962-1968"
"Alfa Romeo","Milano","1986-1989"
"Alfa Romeo","2000","1958-1962"
"Alfa Romeo","1900","1950-1959"
"Alfa Romeo","2000 GTV","1971-1976"
"Alfa Romeo","Giulietta","1954-1963"
"Alfa Romeo","Giulietta","1977-1985"
"Amphicar","770","1961-1968"
"Aston Martin","DBS","2009-2023"
"Aston Martin","DB9","2005-2016"
"Aston Martin","Rapide","2010-2017"
"Aston Martin","DB11","2017-2023"
"Aston Martin","DB7","1997-2004"
"Aston Martin","Virage","1989-1994"
"Aston Martin","Vantage","2005-2024"
"Aston Martin","Rapide AMR","2019"
"Aston Martin","Lagonda","1977-1989"
"Aston Martin","DB12","2024"
"Aston Martin","V8","1972-1989"
"Aston Martin","DBX","2021-2023"
"Aston Martin","Vanquish","2001-2019"
"Audi","RS7","2014-2024"
"Audi","Q2","2017-2023"
"Audi","Coupe Hatchback","1990-1991"
"Audi","TT RS","2018-2022"
"Audi","S3","2015-2024"
"Audi","S6","2007-2018"
"Audi","A8 L","2004-2018"
"Audi","e-tron GT","2022-2024"
"Audi","A5","2008-2017"
"Audi","A8","2019-2024"
"Audi","S5","2018-2024"
"Audi","A5","2018-2024"
"Audi","A4","2009-2024"
"Audi","Q5 Sportback",""
"Audi","A3","2004-2013"
"Audi","A3","1996-2003"
"Audi","V8 Quattro","1988-1994"
"Audi","RS3","2017-2024"
"Audi","S4","2010-2024"
"Audi","E-Tron","2019-2023"
"Audi","S6","2020-2024"
"Audi","Q8 e-tron","2024"
"Audi","S8","2020-2024"
"Audi","200","1989-1994"
"Audi","S8","2013-2018"
"Audi","A6","2019-2024"
"Audi","RS6 Avant","2021-2024"
"Audi","A6","1994-2011"
"Audi","SQ8","2020-2023"
"Audi","SQ7","2020-2024"
"Audi","Q4 e-tron","2022-2024"
"Audi","Q7","2006-2024"
"Audi","RS5","2018-2024"
"Audi","Q4 Sportback e-tron","2022-2024"
"Audi","RS Q3","2017-2018"
"Audi","Q3","2011-2024"
"Audi","A4","1996-2008"
"Audi","TTS","2009-2024"
"Audi","Q8 Sportback e-tron","2024"
"Audi","100","1989-1994"
"Audi","Q5","2009-2024"
"Audi","S4","2000-2002"
"Audi","RS4","2007-2008"
"Audi","A6","2012-2018"
"Audi","TT","2008-2024"
"Audi","TT","2000-2006"
"Audi","R8","2008-2024"
"Audi","Cabriolet","1994-1998"
"Audi","A3","2014-2024"
"Audi","Q8","2019-2023"
"Audi","RS e-tron GT","2022-2024"
"Audi","S7","2013-2024"
"Audi","A8","1997-2015"
"Audi","A7","2012-2024"
"Audi","SQ5 Sportback","2021-2024"
"Audi","S4","2004-2009"
"Audi","Coupe","1981-1987"
"Audi","S5","2008-2017"
"Audi","RS Q8","2020-2024"
"Audi","TT RS Quattro","2012-2013"
"Audi","SQ5","2014-2024"
"Audi","Allroad","2001-2005"
"Austin-Healey","100-6","1956-1960"
"Austin-Healey","3000","1959-1967"
"Austin-Healey","100","1953-1957"
"Avanti","II","1965-1991"
"BMW","M5","1986-2016"
"BMW","New Class","1962-1972"
"BMW","700","1959-1965"
"BMW","7-Series LWB","2009-2015"
"BMW","Z4","2009-2023"
"BMW","X6 M","2010-2019"
"BMW","7-Series","2016-2022"
"BMW","X3","2011-2024"
"BMW","New Six","1968-1977"
"BMW","1502","1975-1977"
"BMW","2500-3.0Si (E3)","1968-1977"
"BMW","5-Series","1982-2003"
"BMW","4-Series","2014-2024"
"BMW","M2","2015-2024"
"BMW","2-Series","2014-2023"
"BMW","2002Tii","1966-1976"
"BMW","5-Series","1972-1981"
"BMW","X5","2019-2024"
"BMW","5-Series","2004-2017"
"BMW","X3 M","2020-2024"
"BMW","3-Series","2006-2018"
"BMW","5-Series",""
"BMW","7-Series LWB","1987-2008"
"BMW","3-Series","1975-1991"
"BMW","X5","2008-2018"
"BMW","M3","2008-2013"
"BMW","3-Series","1992-2005"
"BMW","M6","2012-2019"
"BMW","M6","1987-1989"
"BMW","M3","1986-1991"
"BMW","3.0CSL E9","1971-1975"
"BMW","1500","1961-1964"
"BMW","6-Series","1976-1989"
"BMW","8-Series","1989-1999"
"BMW","i5","2024"
"BMW","X7","2019-2024"
"BMW","Alpina B8","2022-2024"
"BMW","X5 M","2020-2024"
"BMW","1600-2","1967-1971"
"BMW","X7 Alpina XB7","2021-2023"
"BMW","2002Ti","1966-1976"
"BMW","X2","2018-2024"
"BMW","M4","2015-2024"
"BMW","M5","2018-2023"
"BMW","1-Series","2004-2011"
"BMW","XM","2023-2024"
"BMW","2.8L-3.3Li","1974-1977"
"BMW","M6","2006-2010"
"BMW","1800","1964-1971"
"BMW","Z4","2003-2008"
"BMW","X6 M","2020-2024"
"BMW","i7","2023-2024"
"BMW","X4","2014-2024"
"BMW","1600","1967-1971"
"BMW","M8","2020-2024"
"BMW","1602","1967-1971"
"BMW","2000 C CS","1965-1970"
"BMW","i8","2014-2020"
"BMW","X1","2013-2024"
"BMW","X6","2008-2019"
"BMW","X4 M","2020-2024"
"BMW","7-Series","1987-2015"
"BMW","iX","2022-2024"
"BMW","3-Series","2019-2024"
"BMW","Z3","1996-2002"
"BMW","M3","2015-2024"
"BMW","8-Series","2019-2024"
"BMW","7-Series","2023-2024"
"BMW","Z8","2000-2003"
"BMW","1-Series Hatchback","2012-2024"
"BMW","X3","2004-2010"
"BMW","2002","1966-1976"
"BMW","X5","1999-2007"
"BMW","Z1","1988-1991"
"BMW","i3","2014-2021"
"BMW","i4","2022-2024"
"BMW","X5 M","2010-2018"
"BMW","Alpina XB7","2021-2023"
"BMW","M3","1994-2006"
"BMW","2500-3.0CS (E9)","1968-1975"
"BMW","X6","2020-2024"
"BMW","7-Series","1977-1986"
"BMW","5-Series","2018-2024"
"BMW","6-Series","2004-2019"
"Bentley","Flying Spur","2014-2023"
"Bentley","Eight","1984-1991"
"Bentley","S-Series","1956-1965"
"Bentley","Brooklands","1992-1998"
"Bentley","R-Type","1952-1955"
"Bentley","Continental","2003-2019"
"Bentley","Bentayga","2016-2023"
"Bentley","Turbo R","1985-1998"
"Bentley","Azure","2006-2010"
"Bentley","Mulsanne","2011-2017"
"Bentley","T","1966-1980"
"Bentley","Arnage","1999-2009"
"Bentley","Mulsanne","2018-2020"
"Bentley","Continental","1985-2002"
"Bentley","Azure","1996-2003"
"Bentley","Continental GT","2020-2024"
"Bentley","Mulsanne","1980-1992"
"Bricklin","SV-1","1974-1976"
"Buick","Regal","1978-1987"
"Buick","Sedanette","1947-1950"
"Buick","Skylark","1986-1991"
"Buick","Riviera","1989-1993"
"Buick","LeSabre","1971-1976"
"Buick","Enclave","2008-2017"
"Buick","Century","1997-2005"
"Buick","Envision","2016-2023"
"Buick","Super","1946-1949"
"Buick","Special","1961-1963"
"Buick","Encore GX","2020-2023"
"Buick","Riviera","1963-1965"
"Buick","Park Avenue","1997-2005"
"Buick","LeSabre","1977-1985"
"Buick","Riviera","1971-1978"
"Buick","Electra","1985-1990"
"Buick","Cascada","2016-2019"
"Buick","Special","1950-1958"
"Buick","Super","1954-1958"
"Buick","Roadmaster","1954-1958"
"Buick","Invicta","1959-1963"
"Buick","Skylark Convertible","1953-1954"
"Buick","Electra","1977-1984"
"Buick","Super","1950-1953"
"Buick","Gran Sport (GS)","1965-1972"
"Buick","Skylark","1964-1972"
"Buick","Apollo","1973-1975"
"Buick","Sport Wagon","1964-1972"
"Buick","Reatta","1988-1991"
"Buick","Allure","2005-2010"
"Buick","Encore","2013-2023"
"Buick","Lucerne","2005-2011"
"Buick","Century","1936-1958"
"Buick","LeSabre","1986-1991"
"Buick","Skylark","1992-1998"
"Buick","Roadmaster","1946-1953"
"Buick","Skylark","1975-1979"
"Buick","Skyhawk","1975-1989"
"Buick","LeSabre","2000-2005"
"Buick","Century","1973-1977"
"Buick","Regal","1973-1977"
"Buick","Park Avenue","1991-1996"
"Buick","Skylark","1961-1963"
"Buick","Grand National","1984-1987"
"Buick","Lacrosse","2005-2019"
"Buick","Somerset","1985-1988"
"Buick","Regal","2018-2020"
"Buick","Centurion","1971-1973"
"Buick","Skylark","1980-1985"
"Buick","Enclave","2018-2023"
"Buick","LeSabre","1992-1999"
"Buick","Century","1982-1996"
"Buick","Roadmaster","1991-1996"
"Buick","Electra","1959-1970"
"Buick","Regal","1988-2004"
"Buick","Riviera","1986-1988"
"Buick","Special","1964-1969"
"Buick","LeSabre","1959-1970"
"Buick","Electra","1971-1976"
"Buick","Verano","2012-2017"
"Buick","Super","1940-1942"
"Buick","Rendezvous","2002-2007"
"Buick","Riviera","1966-1970"
"Buick","Riviera","1994-1999"
"Buick","Riviera","1979-1985"
"Buick","Estate Wagon","1959-1990"
"Buick","Wildcat","1962-1970"
"Buick","Rainier","2004-2007"
"Buick","Regal","2011-2017"
"Buick","Century","1978-1981"
"Cadillac","Sedan DeVille","1989-1993"
"Cadillac","Sedan DeVille","1965-1976"
"Cadillac","STS","2005-2011"
"Cadillac","XT4","2019-2023"
"Cadillac","Escalade","2021-2023"
"Cadillac","Series 75","1945-1958"
"Cadillac","Seville","1998-2004"
"Cadillac","Eldorado","1992-2002"
"Cadillac","Coupe DeVille","1977-1984"
"Cadillac","Series 72","1938-1940"
"Cadillac","Coupe DeVille","1989-1993"
"Cadillac","Brougham","1985-1992"
"Cadillac","Coupe DeVille","1965-1976"
"Cadillac","Catera","1997-2001"
"Cadillac","Eldorado","1953-1970"
"Cadillac","CT4-V Blackwing","2024"
"Cadillac","Fleetwood","1993-1996"
"Cadillac","CT5-V","2020-2024"
"Cadillac","Eldorado","1971-1978"
"Cadillac","Series 62","1954-1964"
"Cadillac","LYRIQ","2023-2024"
"Cadillac","Fleetwood","1954-1988"
"Cadillac","Sedan DeVille","1977-1984"
"Cadillac","60 Special","1938-1941"
"Cadillac","Series 61","1940-1947"
"Cadillac","Coupe DeVille","1985-1988"
"Cadillac","Series 62","1948-1953"
"Cadillac","XLR Roadster","2004-2009"
"Cadillac","60 Special","1950-1953"
"Cadillac","DTS","2006-2011"
"Cadillac","Seville","1992-1997"
"Cadillac","XTS-L","2013-2019"
"Cadillac","SRX","2011-2016"
"Cadillac","Series 62","1940-1947"
"Cadillac","Allante","1987-1993"
"Cadillac","Calais","1965-1976"
"Cadillac","CT5-V Blackwing","2024"
"Cadillac","Series 61","1948-1953"
"Cadillac","Series 75","1938-1940"
"Cadillac","Eldorado","1986-1991"
"Cadillac","Sedan DeVille","1955-1958"
"Cadillac","CTS","2008-2013"
"Cadillac","Coupe DeVille","1949-1964"
"Cadillac","Escalade","2007-2020"
"Cadillac","CTS","2002-2007"
"Cadillac","CT4","2020-2024"
"Cadillac","Escalade","1999-2006"
"Cadillac","Seville","1975-1985"
"Cadillac","ATS","2013-2017"
"Cadillac","XT5","2017-2024"
"Cadillac","Sedan DeVille","1959-1964"
"Cadillac","XT6","2020-2023"
"Cadillac","Fleetwood","1989-1992"
"Cadillac","Escalade ESV","2002-2023"
"Cadillac","DeVille","1994-2005"
"Cadillac","XTS","2013-2019"
"Cadillac","60 Special","1946-1949"
"Cadillac","Series 75","1941-1944"
"Cadillac","Sedan DeVille","1985-1988"
"Cadillac","CT5","2020-2024"
"Cadillac","SRX","2004-2010"
"Cadillac","Seville","1986-1991"
"Cadillac","Cimarron","1982-1988"
"Cadillac","Eldorado","1979-1985"
"Cadillac","CT6","2016-2020"
"Cadillac","ELR","2014-2017"
"Cadillac","CT4-V","2020-2024"
"Cadillac","CTS","2014-2019"
"Chevrolet","Citation","1980-1986"
"Chevrolet","Cruze","2009-2015"
"Chevrolet","Corvair","1965-1969"
"Chevrolet","Kingswood","1959-1961"
"Chevrolet","Silverado 2500","1999-2004"
"Chevrolet","Nova","1962-1967"
"Chevrolet","El Camino","1959-1960"
"Chevrolet","Camaro","1974-1981"
"Chevrolet","Corvair","1960-1964"
"Chevrolet","Blazer S10","1982-1994"
"Chevrolet","Monte Carlo","1973-1977"
"Chevrolet","Silverado 1500HD","2001-2006"
"Chevrolet","Business Coupe","1936-1938"
"Chevrolet","Colorado","2004-2012"
"Chevrolet","Impala","1971-1976"
"Chevrolet","Styleline Special","1949-1952"
"Chevrolet","Nomad","1958-1961"
"Chevrolet","Chevelle","1968-1972"
"Chevrolet","Caprice","1977-1990"
"Chevrolet","Fleetmaster","1946-1948"
"Chevrolet","Malibu","1997-2024"
"Chevrolet","Hardtop Sedan 2-Door","1949-1952"
"Chevrolet","Business Coupe","1947-1953"
"Chevrolet","Blazer","1992-1994"
"Chevrolet","Bel Air","1972-1975"
"Chevrolet","Vega","1971-1977"
"Chevrolet","Silverado 3500HD","2007-2014"
"Chevrolet","Tracker","1999-2004"
"Chevrolet","Cobalt","2005-2010"
"Chevrolet","Tahoe","1995-2000"
"Chevrolet","Monte Carlo","2006-2007"
"Chevrolet","Impala","1977-1985"
"Chevrolet","Business Coupe","1939-1941"
"Chevrolet","Silverado 3500HD","2015-2019"
"Chevrolet","Trax","2024"
"Chevrolet","Nomad","1955-1957"
"Chevrolet","Biscayne","1958-1972"
"Chevrolet","Chevelle","1973-1977"
"Chevrolet","El Camino","1973-1977"
"Chevrolet","Aveo","2004-2022"
"Chevrolet","Silverado 3500","2001-2006"
"Chevrolet","Monza","1975-1981"
"Chevrolet","Trax","2013-2022"
"Chevrolet","SS","2014-2017"
"Chevrolet","Monte Carlo","1995-2005"
"Chevrolet","Aerosedan Fleetline","1941-1948"
"Chevrolet","Styleline Deluxe","1949-1952"
"Chevrolet","Impala","2000-2020"
"Chevrolet","Chevette","1976-1987"
"Chevrolet","Camaro","1970-1973"
"Chevrolet","Coupe","1927-1954"
"Chevrolet","Bel Air","1958-1971"
"Chevrolet","Captiva Sport","2012-2015"
"Chevrolet","Trailblazer","2021-2023"
"Chevrolet","Nova","1968-1979"
"Chevrolet","Silverado 1500","2014-2018"
"Chevrolet","Tahoe","2001-2006"
"Chevrolet","Nova","1985-1988"
"Chevrolet","Sonora","2000-2006"
"Chevrolet","Suburban","1935-1966"
"Chevrolet","Celebrity","1982-1990"
"Chevrolet","Lumina","1990-1994"
"Chevrolet","Blazer","2019-2024"
"Chevrolet","Caprice","2011-2017"
"Chevrolet","Cruze","2016-2019"
"Chevrolet","Metro","1998-2001"
"Chevrolet","Impala","1994-1996"
"Chevrolet","Deluxe","1949-1952"
"Chevrolet","Orlando","2012-2015"
"Chevrolet","Prizm","1998-2002"
"Chevrolet","Silverado 2500HD","2001-2014"
"Chevrolet","Sonic","2012-2021"
"Chevrolet","Malibu","1973-1977"
"Chevrolet","Silverado 2500HD","2015-2019"
"Chevrolet","Malibu","1978-1983"
"Chevrolet","Brookwood","1958-1972"
"Chevrolet","Malibu","1964-1972"
"Chevrolet","Volt","2011-2021"
"Chevrolet","Tahoe","2021-2024"
"Chevrolet","Camaro","1982-1988"
"Chevrolet","Impala","1958-1970"
"Chevrolet","Sedan Delivery","1946-1960"
"Chevrolet","Lumina","1995-2001"
"Chevrolet","Silverado 1500","2019-2024"
"Chevrolet","Spark","2012-2022"
"Chevrolet","Trailblazer EXT","2002-2006"
"Chevrolet","Chevelle","1964-1967"
"Chevrolet","Stylemaster","1946-1948"
"Chevrolet","Trailblazer","2002-2009"
"Chevrolet","Bel Air","1950-1957"
"Chevrolet","Caprice","1971-1976"
"Chevrolet","Del Ray","1958"
"Chevrolet","Caprice","1966-1970"
"Chevrolet","SSR","2003-2006"
"Chevrolet","El Camino",""
"Chevrolet","Corsica","1987-1996"
"Chevrolet","Tahoe","2007-2020"
"Chevrolet","Silverado 2500HD",""
"Chevrolet","Suburban","1967-1972"
"Chevrolet","Beretta","1987-1996"
"Chevrolet","Silverado 1500","2007-2013"
"Chevrolet","Chevy II","1962-1968"
"Chevrolet","Blazer K5","1969-1991"
"Chevrolet","Tracker","1989-1998"
"Chevrolet","Monte Carlo","1978-1988"
"Chevrolet","Cavalier","1988-2005"
"Chevrolet","Suburban","1973-2023"
"Chevrolet","Sprint","1985-1992"
"Chevrolet","Equinox","2005-2023"
"Chevrolet","Silverado 3500HD","2020-2024"
"Chevrolet","Traverse","2009-2024"
"Chevrolet","Bolt EUV","2022-2024"
"Chevrolet","Camaro","1989-2002"
"Chevrolet","Camaro","2010-2024"
"Chevrolet","150 210","1953-1957"
"Chevrolet","Blazer","1995-2005"
"Chevrolet","Cosworth Vega","1975-1976"
"Chevrolet","Corvette",""
"Chevrolet","Master","1933-1942"
"Chevrolet","Monte Carlo","1970-1972"
"Chevrolet","Del Ray","1954-1957"
"Chevrolet","Deluxe","1940-1948"
"Chevrolet","Colorado","2015-2024"
"Chevrolet","Silverado 1500","1999-2006"
"Chevrolet","Bolt EV","2017-2024"
"Chevrolet","Kingswood","1969-1973"
"Chevrolet","Caprice","1991-1996"
"Chevrolet","Fleetline","1941-1952"
"Chevrolet","Cavalier","1982-1987"
"Chevrolet","Camaro","1967-1969"
"Chevrolet","Silverado 2500HD","2020-2024"
"Chevrolet","HHR","2006-2011"
"Chrysler","Newport","1965-1968"
"Chrysler","New Yorker","1955-1961"
"Chrysler","Imperial","1948-1956"
"Chrysler","New Yorker","1969-1973"
"Chrysler","Cordoba","1975-1983"
"Chrysler","Laser","1984-1986"
"Chrysler","Imperial","1931-1933"
"Chrysler","Saratoga","1946-1953"
"Chrysler","New Yorker","1962-1964"
"Chrysler","Town & Country","1982-1988"
"Chrysler","Windsor","1955-1958"
"Chrysler","Plymouth Prowler","1997-2002"
"Chrysler","New Yorker","1982-1987"
"Chrysler","Town & Country","1941-1942"
"Chrysler","TC Maserati","1989-1992"
"Chrysler","Windsor","1959-1966"
"Chrysler","Royal","1937-1950"
"Chrysler","Conquest TSI","1987-1989"
"Chrysler","New Yorker","1938-1948"
"Chrysler","Town & Country","1961-1968"
"Chrysler","300 Series","1965-1971"
"Chrysler","Town & Country","1969-1977"
"Chrysler","Concorde","1993-2004"
"Chrysler","PT Cruiser","2001-2010"
"Chrysler","LeBaron","1977-1981"
"Chrysler","200","2011-2019"
"Chrysler","Windsor","1939-1942"
"Chrysler","Imperial","1990-1993"
"Chrysler","LeBaron","1987-1995"
"Chrysler","300M","1998-2004"
"Chrysler","Town & Country","1946-1960"
"Chrysler","New Yorker","1965-1968"
"Chrysler","LHS","1994-2001"
"Chrysler","New Yorker","1994-1996"
"Chrysler","Imperial","1981-1983"
"Chrysler","Saratoga","1939-1942"
"Chrysler","300 Series","2005-2024"
"Chrysler","Pacifica","2017-2023"
"Chrysler","Fifth Avenue","1990-1993"
"Chrysler","Saratoga","1957-1960"
"Chrysler","Fifth Avenue","1983-1989"
"Chrysler","Imperial","1957-1975"
"Chrysler","Sebring","1995-2011"
"Chrysler","Aspen","2007-2009"
"Chrysler","Cirrus","1995-2000"
"Chrysler","Newport","1969-1978"
"Chrysler","Pacifica","2004-2008"
"Chrysler","Town & Country","1978-1981"
"Chrysler","LeBaron","1982-1986"
"Chrysler","Newport","1979-1981"
"Chrysler","New Yorker","1974-1981"
"Chrysler","Windsor","1953-1954"
"Chrysler","Crossfire","2004-2008"
"Chrysler","Newport","1961-1964"
"Chrysler","New Yorker","1949-1954"
"Chrysler","New Yorker","1988-1993"
"Chrysler","300 Series","1955-1960"
"Chrysler","300 Series","1961-1964"
"Chrysler","Windsor","1949-1952"
"Chrysler","Windsor","1946-1948"
"Citroen","Mehari","1968-1978"
"Citroen","2CV","1949-1959"
"Citroen","AMI-6","1960-1967"
"Citroen","SM","1970-1975"
"Citroen","BX","1982-1994"
"Citroen","DS","1955-1975"
"Coachsmiths","Blackstone Town Coupe","1985-1990"
"Daimler","DB18","1948-1953"
"Daimler","SP250","1959-1964"
"Datsun","Fairlady 2000","1965-1970"
"Datsun","Fairlady 1600","1965-1970"
"DeLorean","DMC-12","1981-1983"
"DeSoto","Firesweep","1957-1959"
"DeSoto","Powermaster","1953-1954"
"DeSoto","Custom","1946-1952"
"DeSoto","Firedome","1952-1959"
"DeSoto","Adventurer","1956-1961"
"DeSoto","Fireflite","1955-1961"
"DeSoto","Deluxe","1946-1952"
"DeTomaso","Pantera","1971-1974"
"DeTomaso","Pantera","1985-1991"
"Dodge","Charger","2006-2023"
"Dodge","Ram 1500","2002-2010"
"Dodge","Swinger","1969-1974"
"Dodge","Monaco","1990-1992"
"Dodge","Ram 3500","1994-2002"
"Dodge","400","1982-1983"
"Dodge","Dart","1967-1976"
"Dodge","Aries","1981-1989"
"Dodge","Coronet","1955-1957"
"Dodge","Aspen","1976-1980"
"Dodge","Ram 2500","2003-2009"
"Dodge","Journey","2009-2020"
"Dodge","Lancer","1961-1962"
"Dodge","330","1962-1964"
"Dodge","Dakota",""
"Dodge","Daytona","1984-1993"
"Dodge","Challenger","2008-2023"
"Dodge","Neon","2000-2005"
"Dodge","Coronet","1949-1954"
"Dodge","Ram 2500","1994-2002"
"Dodge","Ramcharger",""
"Dodge","Ram","1981-1993"
"Dodge","Neon","1995-1999"
"Dodge","Diplomat","1977-1989"
"Dodge","Coronet","1971-1976"
"Dodge","Conquest","1984-1986"
"Dodge","Stratus","1995-2005"
"Dodge","Lancer","1985-1989"
"Dodge","Durango","1998-2003"
"Dodge","440","1963-1964"
"Dodge","Ramcharger","1999-2001"
"Dodge","Super Bee","1968-1971"
"Dodge","Challenger","1970-1972"
"Dodge","Ram 2500","2010"
"Dodge","Polara","1969-1973"
"Dodge","Magnum","2005-2009"
"Dodge","Raider","1987-1989"
"Dodge","600","1983-1988"
"Dodge","Stealth","1991-1996"
"Dodge","Suburban","1954-1959"
"Dodge","Challenger","1974"
"Dodge","Dart","2013-2016"
"Dodge","Magnum","1978-1979"
"Dodge","St. Regis","1979-1981"
"Dodge","Ram 3500","2003-2009"
"Dodge","Charger","1966-1970"
"Dodge","880","1963-1964"
"Dodge","Coronet","1958-1959"
"Dodge","Dart","1963-1966"
"Dodge","Monaco","1965-1966"
"Dodge","Omni","1978-1990"
"Dodge","Monaco","1967-1973"
"Dodge","Monaco","1974-1978"
"Dodge","Royal","1953-1954"
"Dodge","Demon","1971-1977"
"Dodge","Shadow","1987-1994"
"Dodge","Charger","1971-1978"
"Dodge","Hornet","2023"
"Dodge","Intrepid","1993-2004"
"Dodge","Avenger","1995-2014"
"Dodge","Custom","1954-1965"
"Dodge","Omni 24","1980-1982"
"Dodge","Coronet","1965-1967"
"Dodge","Ram 1500","1994-2001"
"Dodge","Caliber","2007-2012"
"Dodge","Wayfarer","1949-1952"
"Dodge","Dynasty","1988-1993"
"Dodge","Sierra","1955-1959"
"Dodge","Dakota","1987-2004"
"Dodge","Custom","1946-1949"
"Dodge","Nitro","2007-2012"
"Dodge","Charger","1982-1987"
"Dodge","Challenger","1973"
"Dodge","Spirit","1989-1995"
"Dodge","Coronet","1968-1970"
"Dodge","Lancer","1955-1959"
"Dodge","Durango","2004-2024"
"Dodge","Polara","1960-1968"
"Dodge","Dart","1960-1962"
"Dodge","Dakota","2005-2010"
"Eagle","Talon","1990-1999"
"Eagle","Vision","1993-1997"
"Eagle","Premier","1988-1992"
"Edsel","Roundup","1958"
"Edsel","Citation","1958"
"Edsel","Ranger","1958-1960"
"Edsel","Corsair","1958-1959"
"Edsel","Villager","1958-1960"
"Edsel","Pacer","1958"
"Excalibur","Phaeton","1973-1989"
"Ferrari","348","1989-1995"
"Ferrari","550","1996-2001"
"Ferrari","400 GT","1976-1978"
"Ferrari","Daytona","1968-1974"
"Ferrari","Mondial","1980-1993"
"Ferrari","599 GTB Fiorano","2006-2011"
"Ferrari","512BBi","1981-1985"
"Ferrari","206","1967-1969"
"Ferrari","F355","1994-1999"
"Ferrari","208","1980-1986"
"Ferrari","California T","2015-2019"
"Ferrari","456","1995-1998"
"Ferrari","575M Maranello","2002-2006"
"Ferrari","612 Scaglietti","2004-2011"
"Ferrari","412 GT","1985-1989"
"Ferrari","456M","1998-2004"
"Ferrari","275","1964-1968"
"Ferrari","400i","1979-1984"
"Ferrari","California","2008-2014"
"Ferrari","246","1969-1973"
"Ferrari","Testarossa","1985-1991"
"Ferrari","308","1975-1985"
"Ferrari","Dino 208 GT4","1973-1980"
"Ferrari","Dino 308 GT4","1973-1980"
"Ferrari","F430","2005-2009"
"Ferrari","328","1985-1989"
"Ferrari","512BB","1976-1980"
"Ferrari","812 Superfast","2018-2022"
"Ferrari","F8","2020-2023"
"Ferrari","365","1967-1973"
"Ferrari","288 GTO","1984-1985"
"Ferrari","Enzo","2002-2004"
"Ferrari","330","1964-1968"
"Ferrari","360","1999-2006"
"Fiat","500","2012-2019"
"Fiat","850","1964-1974"
"Fiat","Barchetta","1995-2002"
"Fiat","1500","1959-1968"
"Fiat","1200","1955-1967"
"Fiat","1900","1952-1958"
"Fiat","1400","1950-1958"
"Fiat","128","1969-1985"
"Fiat","500L","2014-2020"
"Fiat","X 1 9","1972-1989"
"Fiat","500X","2016-2023"
"Fiat","Pininfarina Spider Azzurra","1982-1985"
"Fiat","1100","1953-1967"
"Fiat","124","1966-1983"
"Fiat","124","2017-2020"
"Fiat","1600","1955-1967"
"Fiat","Spider 2000","1979-1984"
"Fisker","Karma","2012"
"Ford","Sunliner Convertible","1952-1964"
"Ford","Contour","1995-2000"
"Ford","Country Sedan Wagon","1957-1968"
"Ford","Mustang Roush","1994-1998"
"Ford","Fairlane","1962-1965"
"Ford","Falcon","1966-1970"
"Ford","Convertible Coupe","1947-1952"
"Ford","Escort","1981-1990"
"Ford","Crestline","1950-1954"
"Ford","Thunderbird","1983-1997"
"Ford","LTD","1979-1982"
"Ford","LTD","1983-1987"
"Ford","Probe","1989-1997"
"Ford","Country Sedan Wagon","1950-1956"
"Ford","Maverick","1974-1977"
"Ford","EXP","1982-1988"
"Ford","Thunderbird","1970-1973"
"Ford","Ranchero","1966-1967"
"Ford","Super Deluxe","1941-1948"
"Ford","Gran Torino Sport Fastback","1972"
"Ford","4-Door","1940-1948"
"Ford","Sedan Delivery","1933-1942"
"Ford","Country Sedan Wagon","1969-1974"
"Ford","Explorer Sport Trac","2007-2010"
"Ford","Mustang Mach-E","2021-2023"
"Ford","Mustang Shelby","1965-1970"
"Ford","Elite","1974-1976"
"Ford","Capri","1962-1986"
"Ford","Escape","2001-2012"
"Ford","LTD","1973-1978"
"Ford","Mustang Shelby","2007-2024"
"Ford","Country Squire Wagon","1967-1986"
"Ford","Torino","1968-1969"
"Ford","F-150","1987-1996"
"Ford","Fiesta","2009-2019"
"Ford","Bronco","1978-1979"
"Ford","Explorer","1995-2001"
"Ford","Fairlane Galaxie 500","1959"
"Ford","Fairmont","1978-1983"
"Ford","Thunderbird","1980-1982"
"Ford","Skyliner","1957-1959"
"Ford","Ranchero","1972-1976"
"Ford","Model A Woody Station Wagon","1929-1931"
"Ford","Focus","2012-2018"
"Ford","F-250 Super Duty","1998-2007"
"Ford","Escape","2013-2024"
"Ford","Business Coupe","1936-1943"
"Ford","F-150","1980-1986"
"Ford","Explorer Sport Trac","2001-2005"
"Ford","F-100","1973-1979"
"Ford","Explorer","1991-1994"
"Ford","Business Coupe","1944-1953"
"Ford","Festiva","1988-1993"
"Ford","Granada","1981-1982"
"Ford","Fairlane","1955-1956"
"Ford","Taurus","1986-1995"
"Ford","Edge","2007-2024"
"Ford","Mustang","1969-1973"
"Ford","Freestyle","2005-2007"
"Ford","Bronco Sport","2021-2024"
"Ford","F-150","2004-2008"
"Ford","Galaxie","1973-1974"
"Ford","Pinto","1971-1980"
"Ford","Sedan Delivery","1946-1958"
"Ford","Fiesta","1998-2008"
"Ford","Custom 300","1957-1960"
"Ford","Roadster","1921-1934"
"Ford","F-150","1997-2003"
"Ford","Ranch Wagon","1950-1962"
"Ford","Falcon","1960-1965"
"Ford","Mustang","1964-1968"
"Ford","F-150","2015-2024"
"Ford","Gran Torino","1974-1976"
"Ford","Granada","1975-1980"
"Ford","F-250 Super Duty","2017-2022"
"Ford","Explorer","2002-2010"
"Ford","Taurus","1996-2007"
"Ford","Mustang",""
"Ford","Skyliner","1954-1956"
"Ford","LTD","1969-1972"
"Ford","Club","1953-1959"
"Ford","Escort","1997-2003"
"Ford","Ranchero","1957-1959"
"Ford","Galaxie","1960-1964"
"Ford","Taurus","2008-2009"
"Ford","Convertible Coupe","1937-1946"
"Ford","F-250 Super Duty","2023-2024"
"Ford","Expedition","1997-2017"
"Ford","LTD II","1977-1979"
"Ford","Bronco","2021-2023"
"Ford","Thunderbird","1955"
"Ford","Ranchero","1968-1971"
"Ford","Ranchero","1960-1965"
"Ford","Falcon Ranchero","1960-1966"
"Ford","Excursion","2000-2006"
"Ford","Focus","2008-2011"
"Ford","Thunderbird","2002-2005"
"Ford","Ranch Wagon","1965-1974"
"Ford","F-150","1975-1979"
"Ford","Mercury","1940-1948"
"Ford","Taurus","2010-2019"
"Ford","Crown Victoria","1991-2011"
"Ford","Bronco Raptor","2022-2024"
"Ford","Fairlane","1957-1961"
"Ford","Thunderbird","1956-1957"
"Ford","F-150 SVT Raptor","2010-2014"
"Ford","Country Squire Wagon","1959-1966"
"Ford","Country Squire Wagon","1950-1958"
"Ford","F-250","1987-1991"
"Ford","Gran Torino","1969-1973"
"Ford","Mainline","1952-1956"
"Ford","F-150","2009-2014"
"Ford","Crown Victoria","1955-1956"
"Ford","Maverick","1969-1973"
"Ford","Focus","2000-2007"
"Ford","Mustang","1974-1978"
"Ford","C-Max","2013-2018"
"Ford","Torino","1970-1971"
"Ford","Club Coupe","1949-1952"
"Ford","Mustang","2005-2024"
"Ford","2-Door","1940-1948"
"Ford","Crestliner","1949-1951"
"Ford","Galaxie","1965-1972"
"Ford","Del Rio","1957-1958"
"Ford","LTD","1965-1968"
"Ford","Puma","1997-2001"
"Ford","Bronco",""
"Ford","Mustang Grande","1973"
"Ford","Fusion","2006-2020"
"Ford","Ranch Wagon","1963-1964"
"Ford","Flex","2009-2019"
"Ford","F-150 Raptor","2017-2024"
"Ford","F-250 Super Duty","2011-2016"
"Ford","Customline","1952-1954"
"Ford","Customline","1955-1956"
"Ford","Galaxie 500","1962-1974"
"Ford","Fairlane Crown Victoria","1955-1956"
"Ford","Escort","1991-1996"
"Ford","Thunderbird","1967-1969"
"Ford","EcoSport","2013-2022"
"Ford","Fairlane","1966-1970"
"Ford","EcoSport","2003-2012"
"Ford","F-250 Super Duty","2008-2010"
"Ford","Custom","1957-1959"
"Ford","Torino","1972-1976"
"Ford","Deluxe","1938-1951"
"Ford","Galaxie","1959"
"Ford","Custom","1965-1972"
"Ford","Custom 500","1964-1977"
"Ford","F-250","1973-1979"
"Ford","Starliner","1960-1961"
"Ford","Custom","1949-1956"
"Ford","Thunderbird","1958-1966"
"Ford","F-100","1980-1983"
"Ford","F-250","1992-1997"
"Ford","Explorer","2011-2024"
"Ford","Thunderbird","1974-1979"
"Ford","LTD Crown Victoria","1987-1991"
"Ford","Aspire","1994-1997"
"Ford","Country Squire Wagon","1987-1991"
"Ford","Expedition","2018-2024"
"Ford","F-250","1980-1986"
"Ford","Mustang Jack Roush Edition","2020"
"Ford","F-150 Lightning","2022-2024"
"Ford","Ranchero","1977-1979"
"Frazer","Manhattan","1951-1954"
"GMC","Typhoon","1992-1993"
"GMC","Acadia","2017-2023"
"GMC","Suburban","1967-1972"
"GMC","Suburban","1935-1940"
"GMC","Acadia Limited","2017"
"GMC","Envoy","1998-2009"
"GMC","Suburban","1955-1959"
"GMC","Suburban","1973-1999"
"GMC","Jimmy","1969-1994"
"GMC","Suburban","1960-1966"
"GMC","Yukon XL","2000-2023"
"GMC","Yukon","2000-2006"
"GMC","Envoy XL","1998-2008"
"GMC","Yukon","2007-2020"
"GMC","Suburban","1941-1954"
"GMC","Yukon","1992-1999"
"GMC","Terrain","2010-2024"
"GMC","Yukon","2021-2023"
"GMC","Acadia","2007-2016"
"GMC","S15 Jimmy","1983-1991"
"GMC","Jimmy","1995-2005"
"Genesis","G80","2017-2024"
"Genesis","GV70","2021-2023"
"Genesis","Electrified GV70","2023"
"Genesis","Electrified G80","2023-2024"
"Genesis","G90","2017-2024"
"Genesis","GV60","2023"
"Genesis","GV80","2020-2023"
"Genesis","G70","2019-2024"
"Geo","Tracker","1999-2004"
"Geo","Prizm","1989-1997"
"Geo","Tracker","1989-1998"
"Geo","Storm","1990-1993"
"Geo","Metro","1989-1994"
"Geo","Metro","1995-1997"
"Hillman","Avenger","1970-1981"
"Hillman","Imp","1963-1976"
"Hillman","Husky","1954-1970"
"Hillman","Minx","1956-1966"
"Hillman","Hunter","1966-1979"
"Hillman","Super Minx","1961-1965"
"Honda","Insight","2019-2023"
"Honda","Civic","1996-2005"
"Honda","Civic","2016-2021"
"Honda","Civic","2006-2011"
"Honda","CRX","1988-1991"
"Honda","CR-V","2023-2024"
"Honda","CRX","1984-1987"
"Honda","Accord","2013-2017"
"Honda","Civic","1988-1991"
"Honda","Passport","1994-2002"
"Honda","S2000","2000-2009"
"Honda","BR-V","2016-2023"
"Honda","CR-Z","2011-2016"
"Honda","Pilot","2016-2024"
"Honda","CR-V Hybrid","2020-2023"
"Honda","CR-V","1997-2022"
"Honda","HR-V","2023-2024"
"Honda","Clarity","2018-2022"
"Honda","Civic","2022-2024"
"Honda","Accord","1990-1997"
"Honda","Insight","2000-2006"
"Honda","Accord","2018-2024"
"Honda","Pilot","2003-2015"
"Honda","Accord","2008-2012"
"Honda","Partner","1996-2005"
"Honda","Fit","2001-2006"
"Honda","Accord","1998-2007"
"Honda","Fit","2007-2020"
"Honda","Civic","1992-1995"
"Honda","Prelude","1983-2001"
"Honda","Civic",""
"Honda","Passport","2019-2024"
"Honda","Civic Del Sol","1993-1997"
"Honda","Civic","2012-2015"
"Honda","Crosstour","2012-2015"
"Honda","HR-V","2016-2022"
"Honda","Prelude","1979-1982"
"Honda","Element","2003-2011"
"Honda","Insight","2010-2014"
"Hudson","Super","1948-1952"
"Hudson","Hornet","1951-1957"
"Hummer","H3","2006-2010"
"Hummer","H1","1992-2006"
"Hummer","H2 SUT","2005-2009"
"Hummer","H2","2003-2009"
"Hyundai","Accent","2006-2017"
"Hyundai","Accent","2018-2022"
"Hyundai","XG350","1998-2005"
"Hyundai","Ioniq Hybrid","2017-2022"
"Hyundai","Elantra","1992-2016"
"Hyundai","Accent","1995-1998"
"Hyundai","Azera","2006-2017"
"Hyundai","Ioniq 6","2023"
"Hyundai","Accent","1999-2005"
"Hyundai","Santa Fe","2007-2023"
"Hyundai","Veloster N","2019-2022"
"Hyundai","Equus","2011-2016"
"Hyundai","Veloster","2012-2021"
"Hyundai","Veracruz","2007-2015"
"Hyundai","Excel","1986-1994"
"Hyundai","Santa Cruz","2022-2023"
"Hyundai","Nexo","2019-2023"
"Hyundai","Tucson","2010-2021"
"Hyundai","Kona Electric","2019-2023"
"Hyundai","Santa Fe XL","2013-2020"
"Hyundai","Sonata","1989-2010"
"Hyundai","Genesis","2009-2016"
"Hyundai","Palisade","2020-2023"
"Hyundai","Tucson Hybrid","2022-2024"
"Hyundai","Santa Fe Hybrid","2021-2023"
"Hyundai","Venue","2020-2024"
"Hyundai","XG300","1998-2005"
"Hyundai","Tucson","2022-2024"
"Hyundai","Elantra","2017-2024"
"Hyundai","Elantra Touring","2009-2012"
"Hyundai","IONIQ 5","2022-2024"
"Hyundai","Sonata","2011-2024"
"Hyundai","Tiburon","2003-2008"
"Hyundai","Elantra Hybrid","2021-2024"
"Hyundai","Kona","2018-2023"
"Hyundai","Santa Fe","2001-2006"
"Hyundai","Tucson","2005-2009"
"Hyundai","Creta","2016-2023"
"Hyundai","Elantra GT","2013-2017"
"Infiniti","FX45","2003-2007"
"Infiniti","Q60","2014-2022"
"Infiniti","EX35","2008-2012"
"Infiniti","QX55","2022-2023"
"Infiniti","Q30","2016-2018"
"Infiniti","QX30","2017-2019"
"Infiniti","G37","2008-2013"
"Infiniti","I30","1996-2004"
"Infiniti","Q40","2015-2017"
"Infiniti","QX4","1997-2004"
"Infiniti","M56","2011-2013"
"Infiniti","Q70","2014-2017"
"Infiniti","M37","2011-2013"
"Infiniti","FX50","2009-2013"
"Infiniti","G20","1991-2002"
"Infiniti","QX70","2014-2017"
"Infiniti","Q45","1990-2006"
"Infiniti","M45","2003-2010"
"Infiniti","I35","2000-2004"
"Infiniti","Q70L","2015-2017"
"Infiniti","Q50","2014-2023"
"Infiniti","FX35","2003-2012"
"Infiniti","QX56","2004-2013"
"Infiniti","QX50","2014-2023"
"Infiniti","J30","1993-1997"
"Infiniti","M30","1990-1992"
"Infiniti","M35","2006-2010"
"Infiniti","G35","2003-2008"
"Infiniti","QX80","2014-2023"
"Infiniti","QX60","2014-2024"
"International","Travelall 1200B","1961-1968"
"International","Scout II",""
"Iso","Grifo","1965-1974"
"Isuzu","Trooper II","1991-2002"
"Isuzu","Rodeo","1995-2004"
"Isuzu","Axiom","2002-2004"
"Isuzu","Vehicross","1999-2001"
"Isuzu","Amigo","1990-1994"
"Isuzu","Trooper","1983-1991"
"Isuzu","Ascender","2003-2008"
"Jaguar","Mark VIII","1956-1959"
"Jaguar","XJ-Series","1979-2003"
"Jaguar","XJ-Series","2004-2009"
"Jaguar","XK-Series","1949-1961"
"Jaguar","XJS","1975-1996"
"Jaguar","Mark I","1955-1959"
"Jaguar","Mark VII","1951-1956"
"Jaguar","XF","2009-2024"
"Jaguar","XJC","1975-1978"
"Jaguar","Mark IX","1958-1961"
"Jaguar","Mark IV","1945-1948"
"Jaguar","XJ","2011-2019"
"Jaguar","S-Type","1963-1969"
"Jaguar","F-Type","2014-2024"
"Jaguar","XJ-Series","1974-1978"
"Jaguar","Mark V","1948-1951"
"Jaguar","Mark II","1959-1967"
"Jaguar","420","1966-1969"
"Jaguar","F-Pace","2017-2023"
"Jaguar","XKE","1961-1974"
"Jaguar","XE","2017-2020"
"Jaguar","XK-Series","1997-2008"
"Jaguar","S-Type","1999-2008"
"Jaguar","X-Type","2002-2008"
"Jaguar","E-Pace","2018-2023"
"Jaguar","Mark X","1961-1970"
"Jaguar","I-Pace","2019-2023"
"Jaguar","XJ-Series","1968-1973"
"Jaguar","XK XKR","2009-2015"
"Jaguar","XJ-Series","1995-2000"
"Jeep","TJ","2000-2003"
"Jeep","Wrangler","1987-1995"
"Jeep","DJ6","1967"
"Jeep","Liberty","2002-2012"
"Jeep","CJ-6","1955-1975"
"Jeep","Cherokee","2014-2024"
"Jeep","Wrangler",""
"Jeep","Grand Wagoneer","1963-1991"
"Jeep","Grand Cherokee","1993-2004"
"Jeep","TJ","2004-2010"
"Jeep","CJ-7","1976-1986"
"Jeep","Commander","2006-2010"
"Jeep","Patriot","2007-2017"
"Jeep","Wagoneer","1963-1991"
"Jeep","Grand Cherokee 4xe","2022-2024"
"Jeep","Grand Cherokee SRT","2016-2018"
"Jeep","Grand Cherokee","2011-2024"
"Jeep","Willys","1956-1958"
"Jeep","Grand Cherokee L","2021-2024"
"Jeep","Renegade","2015-2023"
"Jeep","Cherokee","1984-2001"
"Jeep","TJ","1987-1999"
"Jeep","Compass","2007-2024"
"Jeep","Grand Wagoneer","2021-2024"
"Jeep","Wrangler","2018-2024"
"Jeep","Grand Cherokee","2005-2010"
"Jeep","Cherokee","1975-1983"
"Jeep","CJ-5","1954-1983"
"Jeep","M151","1959-1982"
"Jeep","Scrambler","1981-1985"
"Jeep","Wrangler","1997-2006"
"Jeep","Grand Cherokee SRT-8","2005-2009"
"Jeep","Commando","1966-1974"
"Jeep","DJ5","1979-1983"
"Jeep","J-100","1963-1967"
"Jeep","Wagoneer","2022-2024"
"Jeep","F-134","1957-1964"
"Jensen","Jensen-Healey","1972-1976"
"Kaiser","Carabela","1958-1962"
"Kaiser","Manhattan","1951-1955"
"Kaiser","Special","1947-1954"
"Kaiser","Darrin","1954"
"Karma","GS-6","2022"
"Karma","Revero GT","2021"
"Kia","Picanto","2018-2024"
"Kia","Seltos","2020-2024"
"Kia","Cadenza","2014-2020"
"Kia","Sportage Hybrid","2023-2024"
"Kia","Soul","2009-2012"
"Kia","Soul","2019-2024"
"Kia","Rio","2001-2023"
"Kia","Niro Hybrid","2018-2024"
"Kia","Carnival","2022-2024"
"Kia","Sportage","2011-2020"
"Kia","Niro","2017-2022"
"Kia","Sportage","1995-2010"
"Kia","Sorento","2016-2024"
"Kia","Sorento Hybrid","2021-2024"
"Kia","Amanti","2004-2009"
"Kia","Forte","2019-2024"
"Kia","Borrego","2008-2011"
"Kia","EV6","2022-2024"
"Kia","K5","2021-2024"
"Kia","Sportage","2021-2024"
"Kia","Sorento","2003-2015"
"Kia","K900","2015-2017"
"Kia","Niro EV","2019-2024"
"Kia","Soul EV","2015-2020"
"Kia","Optima","2000-2010"
"Kia","Forte","2010-2018"
"Kia","Stinger","2018-2024"
"Kia","Optima","2011-2020"
"Kia","Niro","2023-2024"
"Kia","Telluride","2020-2024"
"Lada","Niva Wagon","1977-2010"
"Lada","Niva Pick-Up","1977-2010"
"Lada","Niva","1975-1976"
"Laforza","Magnum Edition","1985-1998"
"Laforza","Prima","1998-2001"
"Laforza","Laforza","1989-2003"
"Laforza","GT","1995-1998"
"Lamborghini","LM002","1986-1993"
"Lamborghini","LM American","1991-1993"
"Lamborghini","Urus","2018-2023"
"Lancia","Scorpion","1976-1977"
"Lancia","Montecarlo","1976-1977"
"Land Rover","Range Rover Velar","2017-2024"
"Land Rover","Discovery Sport",""
"Land Rover","Discovery Series II",""
"Land Rover","Series I",""
"Land Rover","Discovery","2017-2022"
"Land Rover","One Ten",""
"Land Rover","Discovery","2005-2016"
"Land Rover","Discovery",""
"Land Rover","Discovery LR5","2017-2018"
"Land Rover","LR3","2004-2011"
"Land Rover","Series II",""
"Land Rover","Defender 110","2020-2024"
"Land Rover","Range Rover Evoque","2012-2024"
"Land Rover","Defender 110",""
"Land Rover","Range Rover Sport","2023-2024"
"Land Rover","LR4","2017-2021"
"Land Rover","Range Rover","2003-2024"
"Land Rover","LR2","2006-2015"
"Land Rover","Ninety","1984-1990"
"Land Rover","Series III",""
"Land Rover","Defender 90",""
"Land Rover","Discovery Series I",""
"Land Rover","Range Rover Sport","2006-2022"
"Land Rover","Series IIA",""
"Land Rover","Range Rover","1987-2002"
"Land Rover","Defender 90","1998-2016"
"Land Rover","LR4","2009-2016"
"Land Rover","Land Rover",""
"Land Rover","Defender 90","1984-1997"
"Land Rover","Freelander",""
"Lexus","LC","2018-2024"
"Lexus","LS","1990-2006"
"Lexus","IS 500","2022-2024"
"Lexus","NX 200t","2015-2021"
"Lexus","RX 500h","2023"
"Lexus","UX 200","2019-2023"
"Lexus","RX 450hL","2018-2022"
"Lexus","ES","2013-2023"
"Lexus","LS","2018-2023"
"Lexus","RX 450h","2010-2022"
"Lexus","RX 350","2010-2023"
"Lexus","ES","1990-1996"
"Lexus","RX 350","2004-2009"
"Lexus","RX 400h","2004-2009"
"Lexus","IS","2001-2005"
"Lexus","NX 250","2022-2023"
"Lexus","RX 300","1999-2003"
"Lexus","NX 300h","2015-2021"
"Lexus","RX 350L","2018-2022"
"Lexus","SC","2002-2010"
"Lexus","IS","2006-2023"
"Lexus","UX 200h","2019-2023"
"Lexus","LS","2007-2017"
"Lexus","LX 470","1998-2007"
"Lexus","RX 350h","2023"
"Lexus","SC","1992-2000"
"Lexus","RZ 450e","2023"
"Lexus","NX 350","2022-2023"
"Lexus","NX 350h","2022-2023"
"Lexus","NX 450h+","2022-2023"
"Lexus","GX 460","2010-2023"
"Lexus","GX 470","2003-2009"
"Lexus","TX 350","2024"
"Lexus","LX 600","2022-2023"
"Lexus","HS 250h","2010-2012"
"Lexus","LX 570","2008-2021"
"Lexus","GS","1993-2020"
"Lexus","CT 200h","2011-2017"
"Lexus","ES","1997-2012"
"Lexus","RC","2006-2024"
"Lexus","LX 450",""
"Lexus","RX 330","2004-2009"
"Lexus","NX 300","2015-2021"
"Lincoln","Continental","1966-1972"
"Lincoln","Mark","1980-1983"
"Lincoln","MKT","2010-2019"
"Lincoln","Navigator","1998-2017"
"Lincoln","Continental","1939-1944"
"Lincoln","MKZ","2006-2020"
"Lincoln","Town Car","2003-2011"
"Lincoln","Mark","1968-1971"
"Lincoln","Continental","1973-1979"
"Lincoln","Continental","1961-1965"
"Lincoln","Mark","1993-1998"
"Lincoln","Aviator","2003-2005"
"Lincoln","Continental","1945-1957"
"Lincoln","Continental","1980-1981"
"Lincoln","Mark","1972-1979"
"Lincoln","Town Car","1974-1980"
"Lincoln","Navigator","2018-2024"
"Lincoln","Capri","1952-1957"
"Lincoln","Aviator","2020-2023"
"Lincoln","Continental","1982-1987"
"Lincoln","MKC","2015-2023"
"Lincoln","Navigator L","2007-2024"
"Lincoln","Continental","2017-2020"
"Lincoln","Continental","1958-1960"
"Lincoln","MKS","2009-2016"
"Lincoln","Sport","1949-1951"
"Lincoln","Town Car","1998-2002"
"Lincoln","Premiere","1956-1960"
"Lincoln","Continental","1988-1994"
"Lincoln","MKX","2016-2018"
"Lincoln","Mark","1984-1992"
"Lincoln","Cosmopolitan","1948-1955"
"Lincoln","Corsair","2020-2023"
"Lincoln","Continental","1995-2002"
"Lincoln","Zephyr","1940-1942"
"Lincoln","Nautilus","2019-2023"
"Lincoln","MKX","2007-2015"
"Lincoln","LS","2000-2006"
"Lincoln","Town Car","1981-1997"
"Lincoln","Capri","1958-1959"
"Lincoln","Zephyr","1936-1939"
"Lotus","Esprit","1976-2004"
"Lotus","Exige","2007-2012"
"Lotus","Elite","1974-1980"
"Lotus","Evora","2009-2022"
"Lotus","Elite","1958-1966"
"Lotus","Elise","2005-2011"
"Lucid","Air Pure","2022-2024"
"MG","Magnette","1959-1965"
"MG","T-Type","1936-1955"
"MG","MGB","1962-1981"
"MG","MGC","1967-1970"
"MG","ZS","2020-2023"
"MG","Midget","1960-1979"
"MG","1100","1962-1968"
"MG","HS","2020-2023"
"MG","MGA","1955-1963"
"MG","Magnette","1953-1958"
"MG","1300","1967-1970"
"MINI","Clubman","2015-2024"
"MINI","Paceman","2013-2016"
"MINI","Cooper","2002-2024"
"MINI","Countryman","2017-2024"
"MINI","Cooper Roadster","2012-2015"
"MINI","Clubman","2008-2014"
"MINI","Countryman","2011-2016"
"Maserati","Ghibli","1967-1973"
"Maserati","Quattroporte","1963-1969"
"Maserati","GranTurismo","2008-2018"
"Maserati","Quattroporte","1979-1990"
"Maserati","Spyder","2002-2005"
"Maserati","Quattroporte","2013-2024"
"Maserati","Ghibli","2014-2023"
"Maserati","Quattroporte","1974-1978"
"Maserati","Levante","2017-2023"
"Maserati","Quattroporte","1994-2001"
"Maserati","Quattroporte","2003-2012"
"Mazda","626","1993-1997"
"Mazda","Protege","1990-1994"
"Mazda","Mazda5","2006-2015"
"Mazda","MX-3","1992-1998"
"Mazda","RX-4","1974-1978"
"Mazda","1200","1970"
"Mazda","CX-3","2016-2021"
"Mazda","CX-5","2013-2024"
"Mazda","Miata MX-5","2016-2024"
"Mazda","929","1988-1995"
"Mazda","CX-50","2023"
"Mazda","CX-9","2007-2023"
"Mazda","CX-30","2020-2023"
"Mazda","CX-6","2016-2018"
"Mazda","626","1983-1992"
"Mazda","Millenia","1995-2002"
"Mazda","RX-2","1971-1973"
"Mazda","Mazda6","2003-2008"
"Mazda","Miata MX-5","1989-2005"
"Mazda","RX-8","2004-2011"
"Mazda","Miata MX-5","2006-2015"
"Mazda","Mazda3","2003-2024"
"Mazda","RX-7","1986-1995"
"Mazda","Mazda2","2011-2014"
"Mazda","CX-7","2007-2018"
"Mazda","808","1972-1977"
"Mazda","GLC","1977-1985"
"Mazda","Cosmo","1976-1978"
"Mazda","R 100","1970-1972"
"Mazda","MazdaSpeed6","2006-2007"
"Mazda","626","1998-2002"
"Mazda","Protege","1995-2003"
"Mazda","RX-2","1974"
"Mazda","618","1972"
"Mazda","616","1971"
"Mazda","Navajo","1991-1994"
"Mazda","MazdaSpeed3","2007-2013"
"Mazda","RX-7","1978-1985"
"Mazda","MX-6","1988-1997"
"Mazda","MX-30","2021-2023"
"Mazda","CX-90","2024"
"Mazda","1800","1970-1971"
"Mazda","RX-3","1972-1978"
"Mazda","Tribute","2001-2013"
"Mazda","Mazda6","2009-2021"
"Mercedes","CLK-Class","1997-2009"
"Mercedes","190SLR","1957"
"Mercedes","230E","1980-1985"
"Mercedes","SL-Class","1990-2012"
"Mercedes","200D","1965-1985"
"Mercedes","300S","1952-1955"
"Mercedes","220","1968-1973"
"Mercedes","200T","1980-1986"
"Mercedes","380SE","1981-1985"
"Mercedes","280C","1977-1980"
"Mercedes","E-Class","2017-2023"
"Mercedes","180a","1957-1959"
"Mercedes","300E","1986-1993"
"Mercedes","220","1951-1955"
"Mercedes","560SE","1986-1991"
"Mercedes","420SEL","1985-1991"
"Mercedes","320CE","1993-1994"
"Mercedes","230CE","1980-1985"
"Mercedes","200","1965-1985"
"Mercedes","350SDL","1990-1991"
"Mercedes","190D","1983-1988"
"Mercedes","CLS-Class","2006-2024"
"Mercedes","C-Class","2008-2014"
"Mercedes","250T","1978-1985"
"Mercedes","300","1951-1954"
"Mercedes","220S","1956-1959"
"Mercedes","300TE","1986-1994"
"Mercedes","230","1969-1973"
"Mercedes","500SE","1979-1991"
"Mercedes","380SEC","1981-1991"
"Mercedes","AMG GT","2016-2021"
"Mercedes","230TE","1980-1986"
"Mercedes","240D","1977-1985"
"Mercedes","320E","1993-1994"
"Mercedes","300b","1954-1955"
"Mercedes","R-Class","2006-2012"
"Mercedes","SL-Class","2013-2024"
"Mercedes","280","1972-1976"
"Mercedes","Maybach S","2016-2024"
"Mercedes","280CE","1977-1986"
"Mercedes","600","1964-1972"
"Mercedes","260D","1936-1937"
"Mercedes","CLA-Class","2014-2024"
"Mercedes","240TD","1978-1986"
"Mercedes","280E","1976-1985"
"Mercedes","230","1974-1976"
"Mercedes","E-Class","1996-2009"
"Mercedes","320TE","1993-1994"
"Mercedes","SL-Class","1954-1971"
"Mercedes","280E","1972-1976"
"Mercedes","A-Class","2019-2022"
"Mercedes","190","1962-1965"
"Mercedes","300Sc","1955-1958"
"Mercedes","500E","1991-1993"
"Mercedes","220SE","1958-1960"
"Mercedes","190D","1958-1959"
"Mercedes","190E","1984-1993"
"Mercedes","S-Class","2021-2023"
"Mercedes","560SEC","1981-1991"
"Mercedes","300TE-24","1989-1992"
"Mercedes","300d","1957-1962"
"Mercedes","220D","1968-1979"
"Mercedes","320SE","1988-1993"
"Mercedes","280CE","1972-1976"
"Mercedes","SLC-Class","1972-1981"
"Mercedes","230","1965-1968"
"Mercedes","300CD","1979-1985"
"Mercedes","190Db","1959-1961"
"Mercedes","230.4","1973-1976"
"Mercedes","200D 7-Passenger","1967"
"Mercedes","240D","1973-1976"
"Mercedes","190","1956-1959"
"Mercedes","300TD","1978-1986"
"Mercedes","180Dc","1961-1962"
"Mercedes","300D","1975-1976"
"Mercedes","560SEL","1986-1991"
"Mercedes","420SEC","1981-1991"
"Mercedes","300SL","1954-1963"
"Mercedes","190SL","1955-1963"
"Mercedes","S-Class","2000-2013"
"Mercedes","450SEL","1975-1981"
"Mercedes","380SEL","1981-1985"
"Mercedes","SL-Class","1972-1989"
"Mercedes","260D","1937-1940"
"Mercedes","219","1956-1959"
"Mercedes","300CE","1986-1993"
"Mercedes","250","1967-1973"
"Mercedes","250C","1968-1976"
"Mercedes","180b","1959-1961"
"Mercedes","250","1976-1985"
"Mercedes","350SD","1990-1991"
"Mercedes","500SEL","1979-1991"
"Mercedes","230C","1977-1980"
"Mercedes","180","1953-1957"
"Mercedes","300c","1955-1957"
"Mercedes","190b","1959-1961"
"Mercedes","CL-Class","2000-2014"
"Mercedes","S-Class","2014-2020"
"Mercedes","AMG GT","2022-2024"
"Mercedes","SLK-Class","1998-2016"
"Mercedes","300SLR","1955"
"Mercedes","SLS AMG","2011-2015"
"Mercedes","C-Class","2015-2024"
"Mercedes","220a","1954-1956"
"Mercedes","S-Class LWB","1992-1999"
"Mercedes","230.6","1973-1976"
"Mercedes","180Db","1959-1961"
"Mercedes","250CE","1968-1973"
"Mercedes","500SEC","1981-1991"
"Mercedes","420SE","1985-1991"
"Mercedes","E-Class","2010-2016"
"Mercedes","230T","1978-1980"
"Mercedes","230","1977-1979"
"Mercedes","320SEL","1988-1993"
"Mercedes","190Dc","1961-1965"
"Mercedes","300D","1977-1985"
"Mercedes","280TE","1978-1986"
"Mercedes","180D","1954-1959"
"Mercedes","S-Class","1992-1999"
"Mercedes","180c","1962"
"Mercedes","280","1977-1981"
"Mercedes","190D","1962-1965"
"Mercedes","C-Class","1994-2007"
"Mercedes","280C","1972-1976"
"Mercedes","E-Class","1977-1995"
"Mercedes","190c","1961-1965"
"Mercedes","190","1982-1991"
"Mercedes","SLC-Class","2017-2020"
"Mercedes-Benz","G550 4x4",""
"Mercedes-Benz","GL-Class",""
"Mercedes-Benz","GLC-Class",""
"Mercedes-Benz","M-Class ML",""
"Mercedes-Benz","G-Class",""
"Mercedes-Benz","R-Class",""
"Mercedes-Benz","GLB-Class",""
"Mercedes-Benz","EQB-Class",""
"Mercedes-Benz","Maybach GLS",""
"Mercedes-Benz","GLA-Class",""
"Mercedes-Benz","EQE-Class",""
"Mercedes-Benz","EQS-Class SUV",""
"Mercedes-Benz","GLE-Class Coupe",""
"Mercedes-Benz","GLE-Class",""
"Mercedes-Benz","GLS-Class",""
"Mercedes-Benz","GLK-Class",""
"Mercedes-Benz","GLC-Class Coupe",""
"Mercury","Montego","1968-1971"
"Mercury","Meteor","1960-1961"
"Mercury","Bobcat","1975-1980"
"Mercury","Montego","2005-2007"
"Mercury","Montclair","1955-1956"
"Mercury","Capri","1970-1986"
"Mercury","Cyclone","1965-1969"
"Mercury","Meteor","1962-1963"
"Mercury","Sable","2008-2009"
"Mercury","Montclair","1964"
"Mercury","Grand Marquis","2003-2005"
"Mercury","Colony Park","1957-1968"
"Mercury","Parklane","1958-1968"
"Mercury","Comet Caliente","1964-1967"
"Mercury","Mountaineer","1997-2012"
"Mercury","Sable","1986-1995"
"Mercury","Marauder","1969-1970"
"Mercury","Sun Valley","1954-1956"
"Mercury","Cougar","1974-1976"
"Mercury","Grand Marquis","1992-2002"
"Mercury","Mystique","1995-1999"
"Mercury","Marquis","1983-1986"
"Mercury","Marauder","2003-2004"
"Mercury","Marauder","1963-1965"
"Mercury","Grand Marquis","2006-2011"
"Mercury","Cougar","1999-2002"
"Mercury","Cougar","1971-1973"
"Mercury","Comet","1971-1977"
"Mercury","Tracer","1997-1999"
"Mercury","Topaz","1984-1987"
"Mercury","Marquis","1967-1972"
"Mercury","Topaz","1988-1994"
"Mercury","4-Door","1949-1951"
"Mercury","Marquis","1973-1978"
"Mercury","Montclair","1957-1958"
"Mercury","Cougar","1977-1979"
"Mercury","Colony Park","1979-1991"
"Mercury","Montclair","1965-1968"
"Mercury","Montclair","1959-1960"
"Mercury","Business Coupe","1941-1946"
"Mercury","Scorpio","1988-1991"
"Mercury","Grand Marquis","1983-1991"
"Mercury","Cougar","1983-1988"
"Mercury","Tracer","1991-1996"
"Mercury","Mariner","2005-2012"
"Mercury","Sable","1996-2005"
"Mercury","Comet","1960-1965"
"Mercury","Monterey","1965-1974"
"Mercury","Cougar","1989-1997"
"Mercury","Cougar","1967-1970"
"Mercury","2-Door","1949-1951"
"Mercury","Marquis","1979-1982"
"Mercury","Capri","1991-1994"
"Mercury","Comet","1966-1969"
"Mercury","Monterey","1957-1959"
"Mercury","Cyclone","1970-1971"
"Mercury","Merkur Scorpio","1988-1990"
"Mercury","Monterey","1963-1964"
"Mercury","Cougar","1980-1982"
"Mercury","Montego","1972-1976"
"Mercury","Zephyr","1978-1983"
"Mercury","Monterey","1952-1956"
"Mercury","Monterey","1960-1962"
"Mercury","Convertible","1939-1941"
"Merkur","XR4TI","1985-1989"
"Mitsubishi","Starion","1982-1989"
"Mitsubishi","Montero Sport","1998-2003"
"Mitsubishi","RVR","2011-2022"
"Mitsubishi","Eclipse","2006-2012"
"Mitsubishi","Eclipse Cross","2018-2022"
"Mitsubishi","ASX","2013-2018"
"Mitsubishi","Diamante","1991-2002"
"Mitsubishi","Mirage","1991-2002"
"Mitsubishi","Eclipse","1995-2005"
"Mitsubishi","3000GT","1991-1999"
"Mitsubishi","Endeavor","2012-2013"
"Mitsubishi","Mirage","2014-2022"
"Mitsubishi","Outlander","2001-2006"
"Mitsubishi","Mirage G4","2017-2022"
"Mitsubishi","Lancer Ralliart & Evolution","2008-2017"
"Mitsubishi","Montero","2001-2005"
"Mitsubishi","i-MiEV","2012-2017"
"Mitsubishi","Outlander","2007-2024"
"Mitsubishi","Galant","2004-2012"
"Mitsubishi","Galant","1989-2003"
"Mitsubishi","Eclipse","1990-1994"
"Mitsubishi","Lancer","2001-2017"
"Mitsubishi","Endeavor","2004-2011"
"Mitsubishi","Pajero","2016-2018"
"Nash","Rambler","1950-1952"
"Nash","Ambassador","1955-1957"
"Nash","Ambassador","1933-1948"
"Nash","Ambassador","1949-1954"
"Nash","Statesman","1949-1956"
"Nash","Rambler","1953-1955"
"Nash Hudson","Metropolitan","1954-1962"
"Nissan","300ZX","1990-1996"
"Nissan","Cube","2015-2018"
"Nissan","GT-R","2009-2024"
"Nissan","Juke","2011-2017"
"Nissan","Kicks","2018-2023"
"Nissan","Murano","2003-2024"
"Nissan","Armada","2004-2023"
"Nissan","Z","2023-2024"
"Nissan","240SX","1989-1998"
"Nissan","Pathfinder","2000-2012"
"Nissan","Skyline GT-R (R33)","1995-1998"
"Nissan","280Z","1974-1978"
"Nissan","350Z","2003-2009"
"Nissan","Patrol","2011-2018"
"Nissan","Skyline GT-R (R32)","1989-1994"
"Nissan","Qashqai","2017-2021"
"Nissan","240Z","1969-1973"
"Nissan","X-Trail","2002-2020"
"Nissan","Cube","2009-2014"
"Nissan","Versa","2020-2024"
"Nissan","Altima","2002-2006"
"Nissan","Pulsar","1991-1994"
"Nissan","Altima","2007-2012"
"Nissan","Altima","2013-2023"
"Nissan","GT-R Nismo","2009-2024"
"Nissan","Juke","2019-2023"
"Nissan","Altima","1993-2001"
"Nissan","Pulsar","1987-1990"
"Nissan","Maxima","1981-1988"
"Nissan","350Z Nismo","2007-2008"
"Nissan","Leaf","2011-2024"
"Nissan","280ZX","1979-1983"
"Nissan","Xterra","2000-2018"
"Nissan","Pathfinder","1985-1995"
"Nissan","260Z","1974-1978"
"Nissan","Pathfinder","1996-1999"
"Nissan","Pulsar","1978-1986"
"Nissan","300ZX","1984-1989"
"Nissan","Versa","2007-2011"
"Nissan","Ariya","2021-2023"
"Nissan","Pathfinder","2013-2023"
"Nissan","Safari","1976-1982"
"Nissan","Rogue Sport","2017-2023"
"Nissan","Skyline GT-R (R34)","1999-2002"
"Nissan","Pulsar","1995-2005"
"Nissan","Rogue","2008-2023"
"Nissan","370Z","2009-2020"
"Nissan","Murano CrossCabriolet","2011-2018"
"Nissan","Sentra","1987-1999"
"Nissan","Maxima","1989-2023"
"Nissan","Versa","2012-2019"
"Nissan","370Z Nismo","2010-2020"
"Nissan","Sentra","2000-2024"
"Oldsmobile","98","1985-1990"
"Oldsmobile","Delta 88","1977-1985"
"Oldsmobile","Jetstar 88","1964-1967"
"Oldsmobile","Cutlass Supreme","1966-1972"
"Oldsmobile","Aurora","2001-2003"
"Oldsmobile","Bravada","1991-2001"
"Oldsmobile","Toronado Trofeo","1990-1992"
"Oldsmobile","98","1971-1976"
"Oldsmobile","Vista Cruiser","1964-1967"
"Oldsmobile","Toronado Trofeo","1988-1989"
"Oldsmobile","Toronado","1979-1985"
"Oldsmobile","Omega","1980-1984"
"Oldsmobile","hurst Olds","1968-1975"
"Oldsmobile","Toronado","1990-1992"
"Oldsmobile","442","1978-1987"
"Oldsmobile","Delta 88","1986-1991"
"Oldsmobile","88","1957-1963"
"Oldsmobile","88","1971-1976"
"Oldsmobile","88","1977-1985"
"Oldsmobile","Jetstar I","1964-1965"
"Oldsmobile","SERIES 60","1941-1948"
"Oldsmobile","Cutlass","1964-1967"
"Oldsmobile","Dynamic 88","1959-1960"
"Oldsmobile","hurst Olds","1979-1984"
"Oldsmobile","Super 88","1961-1964"
"Oldsmobile","F-85","1968-1972"
"Oldsmobile","98","1959-1970"
"Oldsmobile","Alero","1999-2004"
"Oldsmobile","Cutlass Supreme","1978-1987"
"Oldsmobile","Cutlass","1997-1999"
"Oldsmobile","F-85","1961-1963"
"Oldsmobile","Cutlass","1978-1981"
"Oldsmobile","SERIES 60","1940"
"Oldsmobile","88","1992-1999"
"Oldsmobile","Super 88","1951-1958"
"Oldsmobile","SERIES 60","1938-1939"
"Oldsmobile","Cutlass Calais","1978-1984"
"Oldsmobile","Starfire","1975-1980"
"Oldsmobile","Vista Cruiser","1968-1975"
"Oldsmobile","98","1977-1984"
"Oldsmobile","Bravada","2002-2005"
"Oldsmobile","442","1964-1977"
"Oldsmobile","Delta 88","1971-1976"
"Oldsmobile","Cutlass Calais","1985-1991"
"Oldsmobile","Dynamic 88","1961-1964"
"Oldsmobile","Cutlass Ciera","1982-1996"
"Oldsmobile","Toronado","1986-1989"
"Oldsmobile","Toronado","1966-1970"
"Oldsmobile","Cutlass Supreme","1988-1997"
"Oldsmobile","98","1991-1996"
"Oldsmobile","Achieva","1992-1998"
"Oldsmobile","Delmont 88","1967-1968"
"Oldsmobile","Intrigue","1998-2002"
"Oldsmobile","Starfire","1954-1966"
"Oldsmobile","F-85","1964-1967"
"Oldsmobile","Dynamic 88","1958"
"Oldsmobile","Golden Rocket 88","1956-1957"
"Oldsmobile","Jetfire","1962-1963"
"Oldsmobile","Omega","1973-1979"
"Oldsmobile","Cutlass Cruiser","1989-1994"
"Oldsmobile","Cutlass","1973-1977"
"Oldsmobile","98","1949-1958"
"Oldsmobile","Cutlass Cruiser","1980-1988"
"Oldsmobile","Dynamic 88","1965-1966"
"Oldsmobile","Cutlass Supreme","1973-1977"
"Oldsmobile","442","1990-1991"
"Oldsmobile","Custom Cruiser","1971-1993"
"Oldsmobile","Aurora","1995-1999"
"Oldsmobile","Toronado","1971-1978"
"Oldsmobile","Holiday","1955-1959"
"Oldsmobile","88","1949-1956"
"Oldsmobile","Luxury 98","1980-1981"
"Oldsmobile","76","1946-1950"
"Oldsmobile","Cutlass","1968-1972"
"Oldsmobile","Delta 88","1965-1970"
"Oldsmobile","Cutlass","1961-1963"
"Oldsmobile","Super 88","1959-1960"
"Opel","Crossland X","2017-2022"
"Opel","Mokka X","2019-2023"
"Opel","GT","1968-1973"
"Opel","Manta","1971-1988"
"Opel","Grandland","2017-2022"
"Opel","Calibra","1989-1997"
"Packard","200","1951-1952"
"Packard","Clipper","1948-1957"
"Packard","Caribbean","1953-1956"
"Packard","Clipper","1941-1947"
"Packard","Patrician","1951-1956"
"Packard","Cavalier","1952-1954"
"Packard","300","1951-1952"
"Packard","250","1951-1952"
"Peugeot","3008","2019-2023"
"Peugeot","2008","2014-2022"
"Peugeot","5008","2019-2023"
"Plymouth","Fury","1965-1974"
"Plymouth","Barracuda","1964-1966"
"Plymouth","Scamp","1983"
"Plymouth","Cambridge","1951-1953"
"Plymouth","Scamp","1971-1972"
"Plymouth","GTX","1967-1971"
"Plymouth","VIP","1966-1969"
"Plymouth","Deluxe","1946-1951"
"Plymouth","Barracuda","1967-1969"
"Plymouth","Plaza","1954-1955"
"Plymouth","P7 Road King","1938-1941"
"Plymouth","Valiant","1963-1966"
"Plymouth","Reliant","1981-1989"
"Plymouth","Gran Fury","1982-1989"
"Plymouth","Fury","1960-1964"
"Plymouth","Duster","1970-1972"
"Plymouth","Savoy","1954-1965"
"Plymouth","Cuda","1970-1972"
"Plymouth","Barracuda","1970-1974"
"Plymouth","Special Deluxe","1946-1950"
"Plymouth","Belvedere","1960-1961"
"Plymouth","Valiant","1974-1976"
"Plymouth","P2","1936"
"Plymouth","Roadrunner","1976-1980"
"Plymouth","Sport Fury","1965-1972"
"Plymouth","Belvedere","1954-1955"
"Plymouth","Scamp","1973-1976"
"Plymouth","Gran Fury","1974-1977"
"Plymouth","Belvedere","1956-1959"
"Plymouth","Belvedere","1962-1971"
"Plymouth","Valiant","1960-1962"
"Plymouth","Sport Fury","1956-1964"
"Plymouth","Savoy","1951-1953"
"Plymouth","Concord","1951-1952"
"Plymouth","Satellite","1971-1974"
"Plymouth","Roadrunner","1968-1972"
"Plymouth","Duster","1985-1987"
"Plymouth","Cuda","1974-1975"
"Plymouth","Cranbrook","1951-1953"
"Plymouth","Valiant","1967-1973"
"Plymouth","P8 Road King","1938-1941"
"Plymouth","Belvedere","1951-1953"
"Plymouth","Gran Fury","1980-1981"
"Plymouth","Business Coupe","1936-1952"
"Plymouth","Roadrunner","1973-1975"
"Plymouth","Satellite","1965-1970"
"Plymouth","Laser","1990-1994"
"Plymouth","Duster","1973-1976"
"Plymouth","Trailduster","1974-1981"
"Plymouth","Fury","1956-1959"
"Plymouth","Volare","1976-1980"
"Plymouth","Plaza","1956-1958"
"Polestar","Polestar 2","2021-2023"
"Polestar","Polestar 1","2020-2021"
"Pontiac","GrandVille","1971-1975"
"Pontiac","Parisienne","1965-1970"
"Pontiac","Safari","1977-1989"
"Pontiac","GTO","1964-1974"
"Pontiac","Grand Prix","1962-1972"
"Pontiac","LeMans","1961-1962"
"Pontiac","LeMans","1978-1981"
"Pontiac","Tempest","1961-1963"
"Pontiac","Aztek","2001-2005"
"Pontiac","Firebird","1967-1981"
"Pontiac","Trans AM","1998-2002"
"Pontiac","Catalina","1971-1976"
"Pontiac","Catalina Safari","1980-1981"
"Pontiac","Catalina","1977-1981"
"Pontiac","Parisienne","1959-1964"
"Pontiac","Grand Prix","1973-1977"
"Pontiac","Grand Am","1978-1980"
"Pontiac","Bonneville","1987-2005"
"Pontiac","Bonneville","1959-1970"
"Pontiac","Trans AM","1969-1981"
"Pontiac","Catalina","1950-1958"
"Pontiac","G8","2008-2009"
"Pontiac","6000","1982-1991"
"Pontiac","Bonneville","1977-1981"
"Pontiac","Sunbird","1983-1987"
"Pontiac","Fiero","1984-1988"
"Pontiac","Sedan Delivery","1949-1958"
"Pontiac","LeMans","1973-1977"
"Pontiac","Firebird","1982-2002"
"Pontiac","Grand Am","1985-1991"
"Pontiac","Sunfire","1995-2002"
"Pontiac","Astre","1975-1977"
"Pontiac","Parisienne","1971-1976"
"Pontiac","Bonneville","1954-1958"
"Pontiac","Bonneville","1982-1986"
"Pontiac","Tempest","1987-1991"
"Pontiac","Tempest","1964-1970"
"Pontiac","Grand Prix","1978-1987"
"Pontiac","Trans AM","1982-1990"
"Pontiac","G5","2007-2010"
"Pontiac","Trans AM","1991-1997"
"Pontiac","Chieftain","1955-1958"
"Pontiac","G6","2005-2010"
"Pontiac","Star Chief","1958-1966"
"Pontiac","Star Chief","1953-1957"
"Pontiac","Grand Am","1992-2006"
"Pontiac","Safari","1958-1964"
"Pontiac","LeMans","1963-1972"
"Pontiac","J2000","1981-1982"
"Pontiac","Catalina","1959-1970"
"Pontiac","Torpedo","1940-1948"
"Pontiac","Bonneville","1971-1976"
"Pontiac","Phoenix","1980-1984"
"Pontiac","Sunbird","1988-1994"
"Pontiac","Grand Am","1973-1975"
"Pontiac","Solstice","2006-2009"
"Pontiac","Phoenix","1977-1979"
"Pontiac","Sunfire","2003-2005"
"Pontiac","LeMans","1988-1993"
"Pontiac","Grand Safari","1971-1978"
"Pontiac","GTO","2004-2006"
"Pontiac","Torrent","2006-2009"
"Pontiac","Streamliner","1946-1952"
"Pontiac","Ventura II","1971-1977"
"Pontiac","Trans Am Silver Anniversary","1979"
"Pontiac","Executive","1967-1970"
"Pontiac","Sunbird","1976-1980"
"Pontiac","Grand Prix","1988-2008"
"Pontiac","Safari","1955-1957"
"Pontiac","Parisienne","1977-1986"
"Pontiac","Silver Streak","1946-1956"
"Pontiac","Ventura","1960-1961"
"Pontiac","Chieftain","1949-1954"
"Pontiac","Safari","1965-1976"
"Pontiac","Super Chief","1957-1958"
"Porsche","Cayman","2006-2016"
"Porsche","718 Cayman GT4","2020-2024"
"Porsche","959","1986-1990"
"Porsche","911","1997-2004"
"Porsche","718 Cayman","2017-2024"
"Porsche","356A","1955-1959"
"Porsche","356 Speedster","1948-1955"
"Porsche","930","1975-1989"
"Porsche","718 Boxster","2017-2024"
"Porsche","944","1982-1991"
"Porsche","718 Boxster Spyder","2020-2024"
"Porsche","914","1969-1976"
"Porsche","968","1992-1995"
"Porsche","911","1964-1996"
"Porsche","928","1987-1995"
"Porsche","928","1978-1986"
"Porsche","912","1965-1969"
"Porsche","Carrera GT","2004-2006"
"Porsche","911","2005-2024"
"Porsche","964","1989-1994"
"Porsche","Macan","2015-2023"
"Porsche","Cayenne","2003-2018"
"Porsche","924","1976-1988"
"Porsche","356B","1960-1963"
"Porsche","Boxster","1997-2016"
"Porsche","Taycan","2020-2024"
"Porsche","Panamera","2010-2024"
"Porsche","356C","1963-1965"
"Renault","Duster","2013-2023"
"Renault","Kadjar","2015-2022"
"Renault","Koleos","2007-2022"
"Renault","Captur","2016-2022"
"Renault","Dauphine","1956-1967"
"Renault","Kwid","2015-2022"
"Renault","Escape","2015-2022"
"Renault","Captur","2013-2015"
"Rivian","R1S","2022-2023"
"Rolls Royce","Cullinan",""
"Rolls Royce","Black Badge",""
"Rolls-Royce","Silver Cloud I","1955-1958"
"Rolls-Royce","Phantom","2017-2024"
"Rolls-Royce","Silver Spur II","1989-1993"
"Rolls-Royce","Corniche","1971-1995"
"Rolls-Royce","Silver Spirit","1980-1988"
"Rolls-Royce","Silver Spirit II","1989-1993"
"Rolls-Royce","Silver Cloud II","1959-1962"
"Rolls-Royce","Silver Spirit III","1994-1995"
"Rolls-Royce","Silver Dawn","1949-1955"
"Rolls-Royce","Corniche","2000-2002"
"Rolls-Royce","Flying Spur","1994-1995"
"Rolls-Royce","Silver Spirit IV","1995-1999"
"Rolls-Royce","Silver Spur","1980-1988"
"Rolls-Royce","Silver Spur III","1994-1995"
"Rolls-Royce","Ghost","2010-2023"
"Rolls-Royce","Silver Shadow","1965-1981"
"Rolls-Royce","Silver Spur IV","1995-1999"
"Rolls-Royce","Silver Cloud III","1963-1966"
"Rover","P6","1963-1977"
"Rover","SD1","1976-1986"
"Saab","Sonett III","1970-1974"
"Saab","9-4X","2011-2012"
"Saab","90","1984-1987"
"Saab","9-7X","2005-2009"
"Saab","45174","2010-2011"
"Saab","45172","1999-2006"
"Saab","96","1975-1980"
"Saab","93","1956-1960"
"Saab","Sonett II","1966-1969"
"Saab","900","1980-1998"
"Saab","99","1969-1980"
"Saab","9000","1985-1998"
"Saab","96","1961-1974"
"Saab","45174","1999-2009"
"Saab","45172","2007-2012"
"Saturn","S-Series","1997-2002"
"Saturn","S-Series","1991-1996"
"Saturn","L-Series","2000-2005"
"Saturn","Aura","2007-2010"
"Saturn","Sky","2007-2011"
"Saturn","Outlook","2007-2010"
"Saturn","LW-Series","2000-2003"
"Saturn","Vue","2002-2010"
"Scion","XB","2004-2006"
"Scion","XA","2004-2011"
"Scion","TC","2005-2016"
"Scion","iA","2016"
"Scion","XD","2008-2014"
"Scion","iM","2016"
"Scion","FR-S","2013-2016"
"Scion","XB","2007-2015"
"Seat","Tarraco","2019-2023"
"Seat","Arona","2018-2020"
"Seat","Ateca","2017-2022"
"Simca","1000","1961-1978"
"Studebaker","Commander","1964-1966"
"Studebaker","Gran Turismo Hawk","1962-1964"
"Studebaker","Scotsman","1956-1958"
"Studebaker","Champion Starlight","1950-1958"
"Studebaker","Convertible","1950-1952"
"Studebaker","Avanti","1962-1964"
"Studebaker","Silver Hawk","1957-1959"
"Studebaker","Champion","1950-1958"
"Studebaker","Commander","1941-1958"
"Studebaker","Lark","1959-1964"
"Studebaker","Hawk","1953-1964"
"Subaru","Tribeca","2006-2014"
"Subaru","Impreza","2002-2007"
"Subaru","BRZ","2013-2024"
"Subaru","Justy","1987-1995"
"Subaru","XV","2013-2020"
"Subaru","Forester","1998-2008"
"Subaru","SVX","1992-1997"
"Subaru","Ascent","2019-2023"
"Subaru","WRX STI","2008-2014"
"Subaru","Impreza","2008-2024"
"Subaru","Outback","2000-2009"
"Subaru","XT","1985-1991"
"Subaru","Legacy","2000-2009"
"Subaru","Crosstrek","2016-2023"
"Subaru","WRX","2008-2014"
"Subaru","Impreza","1993-2001"
"Subaru","Legacy","1990-1999"
"Subaru","WRX","2015-2024"
"Subaru","WRX STI","2004-2007"
"Subaru","Forester","2009-2024"
"Subaru","WRX","2001-2007"
"Subaru","B9 Tribeca","2006-2010"
"Subaru","WRX STI","2015-2023"
"Subaru","Legacy","2010-2014"
"Subaru","Outback","2010-2024"
"Subaru","Legacy","2015-2024"
"Suzuki","Cultus","1985-1991"
"Suzuki","XL-7","2007-2009"
"Suzuki","Samurai","1982-1984"
"Suzuki","S-Cross","2014-2020"
"Suzuki","Grand Vitara","2022-2023"
"Suzuki","Aerio","2002-2007"
"Suzuki","Vitara","2015-2023"
"Suzuki","Reno","2005-2008"
"Suzuki","Grand Vitara","1999-2005"
"Suzuki","X-90","1996-1998"
"Suzuki","Sidekick","2000-2003"
"Suzuki","Ertiga","2012-2019"
"Suzuki","Grand Vitara","2006-2013"
"Suzuki","Forenza","2004-2008"
"Suzuki","Vitara","1989-1998"
"Suzuki","Vitara","1999-2004"
"Suzuki","Verona","2004-2006"
"Suzuki","Sidekick","1989-1999"
"Suzuki","XL-7","1998-2006"
"Suzuki","Samurai","1985-1993"
"Suzuki","Swift","1989-1994"
"Suzuki","SX4","2007-2014"
"Suzuki","Swift","1995-2020"
"Tesla","Roadster","2006-2012"
"Tesla","Model S","2012-2024"
"Tesla","Model X","2016-2024"
"Tesla","Model 3","2017-2024"
"Tesla","Model Y","2020-2024"
"Toyota","Prius C","2012-2019"
"Toyota","Mirai","2016-2023"
"Toyota","Corolla","1988-1997"
"Toyota","MR2 Spyder","2000-2006"
"Toyota","Corolla","1998-2002"
"Toyota","Celica","1986-1989"
"Toyota","Venza","2009-2015"
"Toyota","Highlander","2001-2007"
"Toyota","Matrix","2003-2014"
"Toyota","Paseo","1991-1999"
"Toyota","Prius","2016-2024"
"Toyota","GR Corolla","2023-2024"
"Toyota","Prius Prime","2017-2024"
"Toyota","RAV4 Prime","2021-2023"
"Toyota","bZ4X","2023"
"Toyota","4Runner","2003-2023"
"Toyota","Tercel","1980-1986"
"Toyota","Highlander Hybrid","2006-2007"
"Toyota","Yaris",""
"Toyota","Solara","1999-2008"
"Toyota","C-HR","2018-2022"
"Toyota","Celica","1990-1999"
"Toyota","GR86","2022-2024"
"Toyota","Land Cruiser",""
"Toyota","Corolla","1982-1987"
"Toyota","RAV4","2001-2005"
"Toyota","RAV4","1996-2000"
"Toyota","RAV4","2006-2024"
"Toyota","Celica","2000-2005"
"Toyota","Tercel","1987-1999"
"Toyota","Celica","1971-1977"
"Toyota","Corolla Cross","2022-2023"
"Toyota","Prius V","2012-2018"
"Toyota","RAV4 Hybrid","2016-2023"
"Toyota","Highlander","2008-2024"
"Toyota","Supra","1993-1998"
"Toyota","FJ40","1960-1984"
"Toyota","Sequoia","2001-2024"
"Toyota","FJ Cruiser","2007-2014"
"Toyota","Corolla","2020-2024"
"Toyota","86","2017-2020"
"Toyota","MR2","1990-1995"
"Toyota","Crown","2023-2024"
"Toyota","Corolla","1966-1981"
"Toyota","Prius","2004-2015"
"Toyota","Yaris","2007-2011"
"Toyota","Avalon","2005-2022"
"Toyota","Corolla iM","2017-2018"
"Toyota","Camry","2002-2024"
"Toyota","Cressida","1977-1980"
"Toyota","Corolla Cross Hybrid","2023"
"Toyota","Supra","1986-1992"
"Toyota","Prius","2000-2003"
"Toyota","Yaris","2012-2020"
"Toyota","GR Supra","2020-2024"
"Toyota","Land Cruiser","2008-2023"
"Toyota","Camry","1992-1996"
"Toyota","Celica","1978-1985"
"Toyota","Camry","1997-2001"
"Toyota","MR2","1984-1989"
"Toyota","Avalon","1995-2004"
"Toyota","Highlander Hybrid","2008-2019"
"Toyota","Cressida","1981-1992"
"Toyota","4Runner","1996-2002"
"Toyota","Echo","2000-2005"
"Toyota","4Runner","1984-1995"
"Toyota","Corolla","2003-2019"
"Toyota","Camry","1980-1991"
"Toyota","Venza","2021-2024"
"Toyota","Prius Plug-In Hybrid","2012-2015"
"Triumph","TR5","1967-1968"
"Triumph","TR6","1968-1976"
"Triumph","TR4","1961-1965"
"Triumph","Spitfire","1962-1981"
"Triumph","TR250","1967-1968"
"Triumph","TVR 2500M","1971-1977"
"Triumph","Stag","1970-1977"
"Triumph","TR3","1955-1962"
"Triumph","TR7","1975-1981"
"Volkswagen","Atlas","2018-2023"
"Volkswagen","GTI","1995-2014"
"Volkswagen","T-Cross","2019-2024"
"Volkswagen","Karmann Ghia","1955-1974"
"Volkswagen","Touareg","2004-2017"
"Volkswagen","Golf","2017-2019"
"Volkswagen","Golf","2015-2021"
"Volkswagen","Passat","1994-1997"
"Volkswagen","Tiguan","2008-2017"
"Volkswagen","Super Beetle","1971-1980"
"Volkswagen","Atlas Cross Sport","2020-2024"
"Volkswagen","Golf","1998-2006"
"Volkswagen","Rabbit","2006-2009"
"Volkswagen","Jetta","1993-1998"
"Volkswagen","Jetta","2019-2024"
"Volkswagen","GLI","2008-2012"
"Volkswagen","Beetle","1998-2010"
"Volkswagen","Rabbit","1975-1984"
"Volkswagen","ID.4","2021-2024"
"Volkswagen","Passat","1990-1993"
"Volkswagen","Polo","2003-2020"
"Volkswagen","Teramont","2018-2023"
"Volkswagen","Jetta","1999-2005"
"Volkswagen","Passat","2012-2022"
"Volkswagen","Passat","1998-2010"
"Volkswagen","Jetta","1980-1984"
"Volkswagen","Taos","2021-2023"
"Volkswagen","Eos","2007-2016"
"Volkswagen","Golf","2012-2019"
"Volkswagen","Tiguan","2018-2024"
"Volkswagen","Jetta","2006-2010"
"Volkswagen","Jetta","2011-2018"
"Volkswagen","Cabrio","1995-2002"
"Volkswagen","Arteon","2018-2023"
"Volkswagen","Thing","1973-1974"
"Volkswagen","Beetle","2012-2019"
"Volkswagen","Corrado","1988-1995"
"Volkswagen","R32","2008"
"Volkswagen","CC","2009-2015"
"Volkswagen","Beetle","1949-1979"
"Volkswagen","Cabriolet","1985-1993"
"Volkswagen","Golf","2010-2021"
"Volkswagen","E-Golf","2016-2019"
"Volkswagen","Jetta","1985-1992"
"Volkswagen","Touareg 2","2008-2009"
"Volkswagen","Golf","1974-1997"
"Volkswagen","Golf","2022-2024"
"Volvo","V40","1999-2019"
"Volvo","V60","2015-2024"
"Volvo","242","1975-1984"
"Volvo","C30","2007-2013"
"Volvo","XC70","2008-2016"
"Volvo","XC90","2003-2014"
"Volvo","XC90 Recharge","2021-2023"
"Volvo","V70","1998-2010"
"Volvo","850","1992-1997"
"Volvo","XC90","2016-2024"
"Volvo","PV444","1943-1958"
"Volvo","S80","1999-2016"
"Volvo","XC40","2019-2023"
"Volvo","264","1976-1982"
"Volvo","S90","2017-2024"
"Volvo","XC60 Recharge","2021-2023"
"Volvo","S90","1997-1998"
"Volvo","PV544","1958-1966"
"Volvo","S40","1999-2012"
"Volvo","265","1976-1981"
"Volvo","244","1975-1989"
"Volvo","V90","2017-2021"
"Volvo","240","1990-1993"
"Volvo","C40 Recharge","2022-2023"
"Volvo","S60","2001-2018"
"Volvo","1800","1961-1973"
"Volvo","245","1975-1989"
"Volvo","262","1976-1981"
"Volvo","C70","1998-2013"
"Volvo","S70","1998-2000"
"Volvo","XC70","2003-2007"
"Volvo","XC60","2010-2023"
"Volvo","V50","2005-2011"
"Volvo","S60","2019-2023"
"Volvo","XC40 Recharge","2021-2023"
"Willys","Speedway","1939-1942"
"Willys","Deluxe","1940-1942"
"Willys","Coupe","1937-1941"
"Willys","2-Door Sedan","1937-1941"